SET SQL_MODE = "NO_AUTO_VALUE_ON_ZERO";



DROP TABLE IF EXISTS ELECTRODOMESTICOS;
CREATE TABLE IF NOT EXISTS ELECTRODOMESTICOS (
  CODIGO int(20) NOT NULL,
  Nombre varchar(50) NOT NULL,
  PRIMARY KEY (CODIGO)
) ENGINE=InnoDB DEFAULT CHARSET=utf8 ROW_FORMAT=COMPACT;

INSERT INTO ELECTRODOMESTICOS (CODIGO, Nombre) VALUES
(1, 'Nevera LG Mediana'),
(2, 'Microondas SAMSUNG Grande'),
(3, 'Nevera LG Grande'),
(4, 'Nevera SAMSUNG Pequeña'),
(5, 'Microondas LG Pequeño');

DROP TABLE IF EXISTS PANELES_SOLARES;
CREATE TABLE IF NOT EXISTS PANELES_SOLARES (
  ELECTRODOMESTICO varchar(50) NOT NULL,
  CANTIDAD int(20) NOT NULL,
  POTENCIA int(150) NOT NULL,
  HORAUSO_DIARIO int(24) NOT NULL,
  CONSUMO_DIARIO int(24) NOT NULL,
  HORAS_PICO_SOLAR int(20) NOT NULL,
  CODIGO int(20) NOT NULL,
  PRIMARY KEY (CODIGO)
) ENGINE=InnoDB DEFAULT CHARSET=utf8;

INSERT INTO PANELES_SOLARES (ELECTRODOMESTICO, CANTIDAD, POTENCIA, HORAUSO_DIARIO, CONSUMO_DIARIO, HORAS_PICO_SOLAR, CODIGO) VALUES
('Nevera SAMSUNG Pequeña', 1, 300, 5, 5, 2, 1),
('Microondas SAMSUNG Grande', 2, 700, 6, 6, 4, 2),
('Nevera LG Grande ', 1, 170, 4, 4, 2, 3),
('Nevera SAMSUNG Pequeña ', 7, 2500, 15, 15, 8, 4),
('Microondas LG Pequeño', 3, 1200, 8, 8, 5, 5);

DROP TABLE IF EXISTS REGISTRO_USUARIO;
CREATE TABLE IF NOT EXISTS REGISTRO_USUARIO (
  CEDULA int(20) NOT NULL,
  NOMBRE varchar(50) NOT NULL,
  APELLIDO varchar(50) NOT NULL,
  USUARIO varchar(50) NOT NULL,
  CODIGO int(20) NOT NULL AUTO_INCREMENT,
  PRIMARY KEY (CODIGO)
) ENGINE=InnoDB AUTO_INCREMENT=13 DEFAULT CHARSET=utf8;

INSERT INTO REGISTRO_USUARIO (CEDULA, NOMBRE, APELLIDO, USUARIO, CODIGO) VALUES
(45653466, 'Juliana', 'Gomez', 'juliiigomez1', 1),
(43253532, 'Laura D.', 'Zárate', 'dann_z12', 2),
(325554345, 'Felipe', 'Mosquera', 'creepyme32_1', 3),
(45345375, 'Mario', 'Rios', 'johnnygat', 4),
(45867327, 'Dellys', 'Romero', 'dguerrero282712', 5),
(45867327, 'Dellys', 'Romero', 'dguerrero282712', 6);


ALTER TABLE PANELES_SOLARES
  ADD CONSTRAINT FKEP FOREIGN KEY (CODIGO) REFERENCES ELECTRODOMESTICOS (CODIGO);
